K,Cluster,Proportion
3,1,0.333333333771197
3,2,0.3333333334255607
3,3,0.3333333328032423
