K,Cluster,Proportion
4,1,0.2500000000998116
4,2,0.25000000007430917
4,3,0.24999999999964864
4,4,0.2499999998262304
