K,Cluster,Proportion
4,1,0.25000000024774804
4,2,0.250000000041057
4,3,0.24999999998320285
4,4,0.2499999997279921
