K,Cluster,Proportion
4,1,0.25000000048401494
4,2,0.24999999996967873
4,3,0.2499999999209497
4,4,0.24999999962535663
