K,Cluster,Proportion
4,1,0.25000000022639074
4,2,0.2500000000112625
4,3,0.24999999999035888
4,4,0.24999999977198775
