K,Cluster,Proportion
2,1,0.500000000026324
2,2,0.499999999973676
