K,Cluster,Proportion
4,1,0.25000000014178997
4,2,0.2500000000315585
4,3,0.2500000000110166
4,4,0.24999999981563487
