K,Cluster,Proportion
3,1,0.33333333363609147
3,2,0.33333333352049016
3,3,0.33333333284341826
