K,Cluster,Proportion
3,1,0.33333333345550925
3,2,0.3333333332898128
3,3,0.333333333254678
