K,Cluster,Proportion
3,1,0.33333333366060897
3,2,0.3333333333966539
3,3,0.3333333329427372
