K,Cluster,Proportion
2,1,0.5000000002404814
2,2,0.49999999975951853
