K,Cluster,Proportion
3,1,0.3333333338146986
3,2,0.3333333331802137
3,3,0.3333333330050878
