K,Cluster,Proportion
4,1,0.2500000002406121
4,2,0.2500000001557385
4,3,0.24999999989734314
4,4,0.24999999970630632
