K,Cluster,Proportion
4,1,0.2500000003325719
4,2,0.25000000006591483
4,3,0.24999999988443794
4,4,0.24999999971707523
