K,Cluster,Proportion
2,1,0.5000000002421418
2,2,0.4999999997578582
