K,Cluster,Proportion
3,1,0.3333333335223303
3,2,0.33333333350883537
3,3,0.3333333329688344
