K,Cluster,Proportion
3,1,0.3333333338035342
3,2,0.33333333328596443
3,3,0.3333333329105013
