K,Cluster,Proportion
3,1,0.3333333334738012
3,2,0.333333333317515
3,3,0.33333333320868375
