K,Cluster,Proportion
4,1,0.2500000002349355
4,2,0.2500000002058468
4,3,0.2499999998956386
4,4,0.24999999966357922
