K,Cluster,Proportion
2,1,0.5000000008443309
2,2,0.49999999915566906
