K,Cluster,Proportion
4,1,0.25000000032407227
4,2,0.25000000009389123
4,3,0.2499999998961844
4,4,0.2499999996858522
