K,Cluster,Proportion
3,1,0.3333333335957473
3,2,0.3333333334642393
3,3,0.3333333329400133
