K,Cluster,Proportion
3,1,0.33333333369537876
3,2,0.3333333332669913
3,3,0.3333333330376298
