K,Cluster,Proportion
4,1,0.25000000013879187
4,2,0.25000000011496676
4,3,0.24999999987829327
4,4,0.24999999986794802
