K,Cluster,Proportion
3,1,0.3333333335266896
3,2,0.33333333328697934
3,3,0.3333333331863312
