K,Cluster,Proportion
4,1,0.2500000001722777
4,2,0.25000000002764555
4,3,0.24999999995738834
4,4,0.24999999984268842
