K,Cluster,Proportion
3,1,0.33333333357771977
3,2,0.33333333345565364
3,3,0.3333333329666265
