K,Cluster,Proportion
3,1,0.3333333334620274
3,2,0.3333333333761895
3,3,0.33333333316178304
