K,Cluster,Proportion
4,1,0.25000000009503487
4,2,0.25000000007953027
4,3,0.24999999994663125
4,4,0.24999999987880364
