K,Cluster,Proportion
2,1,0.5000000009090707
2,2,0.4999999990909292
