K,Cluster,Proportion
4,1,0.250000000495908
4,2,0.2500000000709541
4,3,0.24999999987022073
4,4,0.24999999956291713
