K,Cluster,Proportion
2,1,0.5000000003841553
2,2,0.49999999961584485
