K,Cluster,Proportion
4,1,0.2500000002544698
4,2,0.25000000004178435
4,3,0.24999999990841326
4,4,0.24999999979533272
