K,Cluster,Proportion
4,1,0.25000000040454895
4,2,0.2500000000800758
4,3,0.2500000000587684
4,4,0.249999999456607
