K,Cluster,Proportion
2,1,0.5000000003629184
2,2,0.4999999996370815
