K,Cluster,Proportion
3,1,0.33333333334296433
3,2,0.3333333333352653
3,3,0.3333333333217704
