K,Cluster,Proportion
3,1,0.3333333335221872
3,2,0.33333333327986037
3,3,0.33333333319795255
