K,Cluster,Proportion
3,1,0.33333333378952384
3,2,0.3333333331847367
3,3,0.33333333302573953
