K,Cluster,Proportion
4,1,0.2500000003518687
4,2,0.2500000000057071
4,3,0.24999999982945284
4,4,0.24999999981297136
