K,Cluster,Proportion
3,1,0.33333333420704075
3,2,0.33333333302932716
3,3,0.33333333276363214
