K,Cluster,Proportion
3,1,0.3333333336452254
3,2,0.33333333354062455
3,3,0.33333333281415006
