K,Cluster,Proportion
4,1,0.250000000083998
4,2,0.25000000007074535
4,3,0.2500000000093375
4,4,0.2499999998359192
