K,Cluster,Proportion
2,1,0.5000000005864798
2,2,0.49999999941352014
