K,Cluster,Proportion
4,1,0.25000000010065376
4,2,0.25000000008939327
4,3,0.25000000008872897
4,4,0.24999999972122394
