K,Cluster,Proportion
3,1,0.3333333336796954
3,2,0.33333333344619975
3,3,0.3333333328741048
