K,Cluster,Proportion
4,1,0.2500000004375956
4,2,0.2500000001510484
4,3,0.24999999991134428
4,4,0.2499999995000117
