K,Cluster,Proportion
4,1,0.2500000003755123
4,2,0.25000000018430624
4,3,0.24999999988654883
4,4,0.24999999955363258
