K,Cluster,Proportion
4,1,0.2500000002037643
4,2,0.25000000003218753
4,3,0.24999999995822303
4,4,0.24999999980582513
