K,Cluster,Proportion
3,1,0.33333333378475827
3,2,0.33333333319516556
3,3,0.3333333330200762
