K,Cluster,Proportion
2,1,0.5000000000381357
2,2,0.4999999999618644
