K,Cluster,Proportion
3,1,0.33333333353538197
3,2,0.33333333352221317
3,3,0.33333333294240486
