K,Cluster,Proportion
3,1,0.3333333337600437
3,2,0.33333333362889417
3,3,0.333333332611062
