K,Cluster,Proportion
4,1,0.2500000002458385
4,2,0.25000000008383955
4,3,0.24999999986389987
4,4,0.24999999980642215
