K,Cluster,Proportion
2,1,0.5000000001473209
2,2,0.49999999985267907
