K,Cluster,Proportion
3,1,0.33333333339418164
3,2,0.3333333333819954
3,3,0.333333333223823
