K,Cluster,Proportion
4,1,0.2500000003573473
4,2,0.25000000008030576
4,3,0.2499999999003124
4,4,0.24999999966203468
