K,Cluster,Proportion
2,1,0.5000000001498516
2,2,0.49999999985014837
