K,Cluster,Proportion
2,1,0.5000000002312138
2,2,0.49999999976878606
