K,Cluster,Proportion
3,1,0.3333333335681144
3,2,0.3333333334275493
3,3,0.33333333300433626
