K,Cluster,Proportion
4,1,0.250000000148316
4,2,0.2500000001255809
4,3,0.24999999994139607
4,4,0.24999999978470697
