K,Cluster,Proportion
3,1,0.33333333361955486
3,2,0.333333333382562
3,3,0.33333333299788315
