K,Cluster,Proportion
2,1,0.5000000005689734
2,2,0.4999999994310267
