K,Cluster,Proportion
4,1,0.2500000001683411
4,2,0.2500000000446051
4,3,0.2499999999673076
4,4,0.24999999981974616
