K,Cluster,Proportion
4,1,0.25000000030639224
4,2,0.2500000000147984
4,3,0.2499999998733663
4,4,0.24999999980544296
