K,Cluster,Proportion
3,1,0.33333333335985516
3,2,0.3333333333480528
3,3,0.333333333292092
