K,Cluster,Proportion
2,1,0.5000000005423622
2,2,0.49999999945763784
