K,Cluster,Proportion
3,1,0.33333333380908686
3,2,0.33333333322743414
3,3,0.33333333296347906
