K,Cluster,Proportion
3,1,0.3333333335526316
3,2,0.3333333332915009
3,3,0.3333333331558675
