K,Cluster,Proportion
4,1,0.25000000010358886
4,2,0.24999999999225372
4,3,0.249999999982938
4,4,0.24999999992121935
