K,Cluster,Proportion
4,1,0.25000000010302387
4,2,0.2500000000368999
4,3,0.24999999998331782
4,4,0.2499999998767583
