K,Cluster,Proportion
3,1,0.33333333346069377
3,2,0.3333333333932628
3,3,0.3333333331460436
