K,Cluster,Proportion
3,1,0.3333333335366373
3,2,0.3333333332988754
3,3,0.3333333331644874
