K,Cluster,Proportion
3,1,0.333333333423445
3,2,0.3333333332916402
3,3,0.3333333332849147
