K,Cluster,Proportion
3,1,0.333333333515918
3,2,0.3333333334723544
3,3,0.33333333301172774
