K,Cluster,Proportion
3,1,0.3333333337168477
3,2,0.3333333333975078
3,3,0.3333333328856446
