K,Cluster,Proportion
3,1,0.3333333333655255
3,2,0.33333333333642945
3,3,0.33333333329804504
