K,Cluster,Proportion
3,1,0.33333333337229515
3,2,0.33333333332033754
3,3,0.33333333330736725
