K,Cluster,Proportion
4,1,0.25000000017398605
4,2,0.25000000007598283
4,3,0.24999999994832475
4,4,0.24999999980170629
