K,Cluster,Proportion
4,1,0.2500000001007756
4,2,0.25000000001040956
4,3,0.24999999997750919
4,4,0.24999999991130573
