K,Cluster,Proportion
3,1,0.3333333336587669
3,2,0.33333333331233195
3,3,0.33333333302890117
