K,Cluster,Proportion
3,1,0.3333333333998375
3,2,0.33333333336621684
3,3,0.33333333323394576
