K,Cluster,Proportion
3,1,0.3333333335753238
3,2,0.3333333332888047
3,3,0.33333333313587143
