K,Cluster,Proportion
3,1,0.33333333397672765
3,2,0.3333333331166398
3,3,0.33333333290663253
