K,Cluster,Proportion
3,1,0.333333333646814
3,2,0.3333333333610725
3,3,0.33333333299211354
