K,Cluster,Proportion
2,1,0.500000000148235
2,2,0.49999999985176513
