K,Cluster,Proportion
4,1,0.25000000044200965
4,2,0.2500000002775795
4,3,0.24999999972318304
4,4,0.24999999955722788
