K,Cluster,Proportion
2,1,0.50000000016483
2,2,0.49999999983516985
