K,Cluster,Proportion
4,1,0.2500000001695355
4,2,0.250000000126165
4,3,0.24999999996228975
4,4,0.2499999997420098
