K,Cluster,Proportion
4,1,0.25000000059187155
4,2,0.2499999999569438
4,3,0.2499999998084404
4,4,0.24999999964274422
