K,Cluster,Proportion
4,1,0.2500000002470918
4,2,0.250000000174107
4,3,0.2500000000120871
4,4,0.24999999956671398
