K,Cluster,Proportion
4,1,0.2500000004071819
4,2,0.25000000000241723
4,3,0.24999999991356783
4,4,0.24999999967683303
