K,Cluster,Proportion
3,1,0.3333333336891868
3,2,0.33333333318887687
3,3,0.3333333331219364
