K,Cluster,Proportion
4,1,0.25000000045172016
4,2,0.2500000001996909
4,3,0.24999999975713094
4,4,0.2499999995914581
