K,Cluster,Proportion
4,1,0.25000000041458303
4,2,0.24999999997697686
4,3,0.24999999986584356
4,4,0.2499999997425965
