K,Cluster,Proportion
4,1,0.2500000001027815
4,2,0.2500000000945899
4,3,0.25000000003819284
4,4,0.2499999997644357
