K,Cluster,Proportion
3,1,0.33333333366823725
3,2,0.3333333334985292
3,3,0.33333333283323363
