K,Cluster,Proportion
2,1,0.500000000181633
2,2,0.49999999981836707
