K,Cluster,Proportion
2,1,0.500000000218392
2,2,0.4999999997816081
