K,Cluster,Proportion
3,1,0.3333333335416013
3,2,0.33333333347525657
3,3,0.3333333329831422
