K,Cluster,Proportion
3,1,0.3333333334894424
3,2,0.3333333334593623
3,3,0.33333333305119534
