K,Cluster,Proportion
2,1,0.5000000001872914
2,2,0.49999999981270854
