K,Cluster,Proportion
4,1,0.2500000001571681
4,2,0.2500000000783653
4,3,0.2500000000656185
4,4,0.24999999969884815
