K,Cluster,Proportion
4,1,0.2500000001795067
4,2,0.25000000017385005
4,3,0.25000000006111606
4,4,0.2499999995855272
