K,Cluster,Proportion
3,1,0.3333333336972975
3,2,0.33333333329062437
3,3,0.3333333330120782
