K,Cluster,Proportion
4,1,0.2500000001685663
4,2,0.25000000012263074
4,3,0.25000000010451223
4,4,0.2499999996042907
