K,Cluster,Proportion
3,1,0.33333333335552595
3,2,0.3333333333439515
3,3,0.33333333330052245
