K,Cluster,Proportion
4,1,0.2500000002125698
4,2,0.25000000015176926
4,3,0.24999999986260008
4,4,0.24999999977306087
