K,Cluster,Proportion
4,1,0.25000000032693065
4,2,0.250000000285474
4,3,0.24999999981602472
4,4,0.24999999957157087
