K,Cluster,Proportion
4,1,0.2500000001683923
4,2,0.25000000002246303
4,3,0.24999999998499592
4,4,0.24999999982414883
