K,Cluster,Proportion
3,1,0.33333333355949696
3,2,0.3333333333267395
3,3,0.3333333331137635
