K,Cluster,Proportion
3,1,0.33333333352265576
3,2,0.3333333333975952
3,3,0.33333333307974916
