K,Cluster,Proportion
3,1,0.3333333337226863
3,2,0.3333333333614546
3,3,0.33333333291585926
