K,Cluster,Proportion
3,1,0.3333333334874723
3,2,0.3333333333828715
3,3,0.3333333331296561
