K,Cluster,Proportion
3,1,0.3333333336794379
3,2,0.3333333334357004
3,3,0.3333333328848618
