K,Cluster,Proportion
3,1,0.33333333346182153
3,2,0.33333333339420296
3,3,0.33333333314397545
