K,Cluster,Proportion
2,1,0.5000000000030349
2,2,0.49999999999696493
