K,Cluster,Proportion
4,1,0.2500000001512643
4,2,0.25000000001167594
4,3,0.24999999995823666
4,4,0.24999999987882326
