K,Cluster,Proportion
4,1,0.2500000003958524
4,2,0.24999999998704006
4,3,0.24999999983355792
4,4,0.24999999978354961
