K,Cluster,Proportion
4,1,0.25000000027626834
4,2,0.25000000022040686
4,3,0.2500000001118382
4,4,0.2499999993914866
