K,Cluster,Proportion
2,1,0.5000000002049363
2,2,0.49999999979506377
