K,Cluster,Proportion
2,1,0.5000000001297804
2,2,0.4999999998702197
