K,Cluster,Proportion
2,1,0.5000000000510252
2,2,0.4999999999489748
