K,Cluster,Proportion
4,1,0.2500000000471525
4,2,0.2500000000151581
4,3,0.24999999998526434
4,4,0.2499999999524251
