K,Cluster,Proportion
4,1,0.2500000002096748
4,2,0.2500000001334414
4,3,0.25000000013100204
4,4,0.24999999952588176
