K,Cluster,Proportion
2,1,0.5000000006803778
2,2,0.49999999931962213
