K,Cluster,Proportion
4,1,0.2500000002564328
4,2,0.2500000000815154
4,3,0.24999999983206295
4,4,0.24999999982998886
