K,Cluster,Proportion
3,1,0.3333333337250499
3,2,0.3333333331801964
3,3,0.33333333309475366
