K,Cluster,Proportion
4,1,0.2500000004117554
4,2,0.2500000001443498
4,3,0.24999999976161405
4,4,0.24999999968228076
