K,Cluster,Proportion
4,1,0.2500000001978817
4,2,0.25000000008826373
4,3,0.24999999987625826
4,4,0.24999999983759616
