K,Cluster,Proportion
4,1,0.25000000068075395
4,2,0.24999999987726812
4,3,0.24999999977406517
4,4,0.2499999996679127
