K,Cluster,Proportion
4,1,0.25000000029190733
4,2,0.24999999997034644
4,3,0.24999999993747368
4,4,0.2499999998002725
