K,Cluster,Proportion
2,1,0.5000000003931998
2,2,0.4999999996068002
