K,Cluster,Proportion
4,1,0.2500000002700464
4,2,0.2500000000468339
4,3,0.24999999994935068
4,4,0.24999999973376905
