K,Cluster,Proportion
3,1,0.3333333335508454
3,2,0.33333333324968967
3,3,0.333333333199465
