K,Cluster,Proportion
2,1,0.5000000003145486
2,2,0.4999999996854513
