K,Cluster,Proportion
4,1,0.2500000003911661
4,2,0.25000000007043
4,3,0.24999999994303215
4,4,0.24999999959537184
