K,Cluster,Proportion
3,1,0.33333333340576704
3,2,0.3333333333713887
3,3,0.33333333322284425
