K,Cluster,Proportion
4,1,0.25000000026434166
4,2,0.2500000000885098
4,3,0.2499999999256425
4,4,0.24999999972150597
