K,Cluster,Proportion
4,1,0.2500000003605877
4,2,0.2500000000909709
4,3,0.24999999979580126
4,4,0.2499999997526402
