K,Cluster,Proportion
4,1,0.2500000001187055
4,2,0.24999999998202768
4,3,0.2499999999702154
4,4,0.2499999999290515
