K,Cluster,Proportion
3,1,0.33333333346121075
3,2,0.33333333340925314
3,3,0.333333333129536
