K,Cluster,Proportion
4,1,0.2500000001254329
4,2,0.2500000000902562
4,3,0.24999999996677863
4,4,0.24999999981753235
