K,Cluster,Proportion
2,1,0.500000000095501
2,2,0.499999999904499
