K,Cluster,Proportion
3,1,0.3333333334532967
3,2,0.33333333328167775
3,3,0.33333333326502546
