K,Cluster,Proportion
2,1,0.5000000000226933
2,2,0.49999999997730665
