K,Cluster,Proportion
4,1,0.2500000001504367
4,2,0.2500000000785608
4,3,0.24999999998756944
4,4,0.2499999997834329
