K,Cluster,Proportion
4,1,0.250000000168231
4,2,0.25000000007728906
4,3,0.24999999989501362
4,4,0.24999999985946647
