K,Cluster,Proportion
2,1,0.5000000004039171
2,2,0.49999999959608277
