K,Cluster,Proportion
2,1,0.5000000004087097
2,2,0.4999999995912902
