K,Cluster,Proportion
4,1,0.2500000003230072
4,2,0.2500000001465958
4,3,0.24999999988278165
4,4,0.24999999964761538
