K,Cluster,Proportion
3,1,0.3333333337094663
3,2,0.3333333333237204
3,3,0.3333333329668132
