K,Cluster,Proportion
2,1,0.5000000002007938
2,2,0.49999999979920606
