K,Cluster,Proportion
2,1,0.50000000049779
2,2,0.49999999950220986
