K,Cluster,Proportion
4,1,0.2500000000651041
4,2,0.25000000005952505
4,3,0.24999999995827005
4,4,0.2499999999171008
