K,Cluster,Proportion
2,1,0.500000000397421
2,2,0.49999999960257907
