K,Cluster,Proportion
3,1,0.3333333335389791
3,2,0.33333333334097454
3,3,0.3333333331200463
