K,Cluster,Proportion
2,1,0.500000000335015
2,2,0.4999999996649849
