K,Cluster,Proportion
3,1,0.333333333699199
3,2,0.33333333327084164
3,3,0.3333333330299593
