K,Cluster,Proportion
2,1,0.5000000004207367
2,2,0.49999999957926344
