K,Cluster,Proportion
3,1,0.3333333334303105
3,2,0.3333333334000527
3,3,0.3333333331696367
