K,Cluster,Proportion
4,1,0.2500000002525674
4,2,0.2500000001945878
4,3,0.2500000000326662
4,4,0.24999999952017865
