K,Cluster,Proportion
4,1,0.2500000002558569
4,2,0.2500000002497934
4,3,0.24999999996148
4,4,0.2499999995328696
