K,Cluster,Proportion
4,1,0.2500000004283392
4,2,0.25000000003560435
4,3,0.2499999999826192
4,4,0.24999999955343719
