K,Cluster,Proportion
3,1,0.3333333339646626
3,2,0.33333333332092063
3,3,0.3333333327144169
