K,Cluster,Proportion
2,1,0.50000000017595
2,2,0.49999999982404986
