K,Cluster,Proportion
3,1,0.3333333334566492
3,2,0.33333333332414894
3,3,0.333333333219202
