K,Cluster,Proportion
3,1,0.3333333337955023
3,2,0.3333333334481708
3,3,0.33333333275632687
