K,Cluster,Proportion
3,1,0.3333333336324441
3,2,0.33333333318671066
3,3,0.33333333318084524
