K,Cluster,Proportion
4,1,0.25000000021178953
4,2,0.25000000006508905
4,3,0.2499999999265084
4,4,0.24999999979661325
