K,Cluster,Proportion
4,1,0.2500000001662593
4,2,0.2500000001281236
4,3,0.24999999992930755
4,4,0.24999999977630952
