K,Cluster,Proportion
2,1,0.500000000319016
2,2,0.499999999680984
