K,Cluster,Proportion
3,1,0.3333333336954353
3,2,0.3333333335614933
3,3,0.3333333327430713
