K,Cluster,Proportion
4,1,0.25000000023506946
4,2,0.25000000004616735
4,3,0.24999999998834502
4,4,0.2499999997304182
