K,Cluster,Proportion
4,1,0.25000000020854984
4,2,0.2500000001993452
4,3,0.24999999985780588
4,4,0.2499999997342991
