K,Cluster,Proportion
3,1,0.33333333374017
3,2,0.33333333342683047
3,3,0.3333333328329996
