K,Cluster,Proportion
3,1,0.33333333369722973
3,2,0.33333333319067704
3,3,0.33333333311209323
