K,Cluster,Proportion
2,1,0.5000000002252996
2,2,0.49999999977470033
