K,Cluster,Proportion
4,1,0.2500000002626545
4,2,0.25000000022507224
4,3,0.2499999998528857
4,4,0.24999999965938752
