K,Cluster,Proportion
2,1,0.5000000001043788
2,2,0.49999999989562116
