K,Cluster,Proportion
4,1,0.2500000003272033
4,2,0.25000000023354624
4,3,0.24999999986995713
4,4,0.24999999956929334
