K,Cluster,Proportion
3,1,0.3333333336782541
3,2,0.3333333332817329
3,3,0.33333333304001306
