K,Cluster,Proportion
4,1,0.25000000027557745
4,2,0.24999999999447584
4,3,0.24999999993562613
4,4,0.24999999979432058
