K,Cluster,Proportion
3,1,0.33333333343173227
3,2,0.3333333332845606
3,3,0.3333333332837072
