K,Cluster,Proportion
4,1,0.25000000020265406
4,2,0.2500000001253031
4,3,0.24999999985701454
4,4,0.2499999998150282
