K,Cluster,Proportion
4,1,0.2500000001177028
4,2,0.25000000009220036
4,3,0.2499999999459752
4,4,0.2499999998441216
