K,Cluster,Proportion
4,1,0.25000000024824065
4,2,0.2499999999581637
4,3,0.24999999990883448
4,4,0.24999999988476107
