K,Cluster,Proportion
2,1,0.500000000153097
2,2,0.499999999846903
