K,Cluster,Proportion
4,1,0.2500000002825585
4,2,0.25000000000266803
4,3,0.2499999999771301
4,4,0.24999999973764334
