K,Cluster,Proportion
3,1,0.33333333354329026
3,2,0.33333333337881327
3,3,0.33333333307789653
