K,Cluster,Proportion
3,1,0.33333333338809257
3,2,0.33333333333073756
3,3,0.3333333332811699
