K,Cluster,Proportion
4,1,0.2500000002912415
4,2,0.25000000020958074
4,3,0.2499999998130925
4,4,0.24999999968608527
