K,Cluster,Proportion
3,1,0.3333333337717438
3,2,0.3333333335907599
3,3,0.3333333326374962
