K,Cluster,Proportion
4,1,0.250000000298843
4,2,0.25000000012372126
4,3,0.24999999979330506
4,4,0.24999999978413057
