K,Cluster,Proportion
2,1,0.500000000082736
2,2,0.49999999991726374
