K,Cluster,Proportion
2,1,0.5000000000627329
2,2,0.49999999993726696
