K,Cluster,Proportion
4,1,0.2500000004482957
4,2,0.2500000000604109
4,3,0.24999999991480332
4,4,0.24999999957649002
