K,Cluster,Proportion
3,1,0.3333333335078136
3,2,0.3333333333841048
3,3,0.33333333310808166
