K,Cluster,Proportion
4,1,0.25000000038125075
4,2,0.2500000001197713
4,3,0.24999999990749444
4,4,0.24999999959148356
