K,Cluster,Proportion
4,1,0.25000000021189184
4,2,0.25000000003732376
4,3,0.24999999987759175
4,4,0.24999999987319269
