K,Cluster,Proportion
4,1,0.2500000002177389
4,2,0.2500000000460433
4,3,0.24999999987431568
4,4,0.2499999998619021
