K,Cluster,Proportion
4,1,0.25000000021399815
4,2,0.2500000000428452
4,3,0.24999999988476485
4,4,0.2499999998583918
