K,Cluster,Proportion
4,1,0.2500000000647418
4,2,0.25000000005681533
4,3,0.2499999999696583
4,4,0.2499999999087845
