K,Cluster,Proportion
4,1,0.2500000001649663
4,2,0.25000000007667844
4,3,0.2499999999583709
4,4,0.24999999979998427
