K,Cluster,Proportion
3,1,0.333333333907045
3,2,0.33333333318014013
3,3,0.33333333291281475
