K,Cluster,Proportion
4,1,0.25000000015584367
4,2,0.2500000001234589
4,3,0.25000000006743955
4,4,0.24999999965325778
