K,Cluster,Proportion
4,1,0.25000000034609166
4,2,0.25000000002535555
4,3,0.24999999989795774
4,4,0.249999999730595
