K,Cluster,Proportion
3,1,0.3333333335542373
3,2,0.33333333330170684
3,3,0.33333333314405594
