K,Cluster,Proportion
4,1,0.2500000001448291
4,2,0.2500000000883744
4,3,0.2499999999701938
4,4,0.24999999979660265
