K,Cluster,Proportion
2,1,0.500000000131317
2,2,0.49999999986868293
