K,Cluster,Proportion
4,1,0.2500000003981813
4,2,0.25000000016317664
4,3,0.24999999972083847
4,4,0.2499999997178035
