K,Cluster,Proportion
4,1,0.25000000016746465
4,2,0.2500000000737448
4,3,0.25000000002339157
4,4,0.249999999735399
