K,Cluster,Proportion
3,1,0.3333333337589521
3,2,0.3333333333815333
3,3,0.3333333328595145
