K,Cluster,Proportion
3,1,0.3333333334535115
3,2,0.333333333405336
3,3,0.3333333331411524
