K,Cluster,Proportion
3,1,0.33333333353549627
3,2,0.3333333333823741
3,3,0.3333333330821297
