K,Cluster,Proportion
2,1,0.500000000413129
2,2,0.4999999995868711
