K,Cluster,Proportion
4,1,0.2500000001338008
4,2,0.25000000002498496
4,3,0.2500000000015554
4,4,0.2499999998396589
