K,Cluster,Proportion
4,1,0.25000000023311014
4,2,0.25000000015906926
4,3,0.24999999986714386
4,4,0.2499999997406767
