K,Cluster,Proportion
3,1,0.33333333392793646
3,2,0.33333333314376207
3,3,0.3333333329283014
