K,Cluster,Proportion
2,1,0.5000000003639008
2,2,0.4999999996360993
