K,Cluster,Proportion
4,1,0.25000000041535686
4,2,0.25000000015669743
4,3,0.24999999977281637
4,4,0.2499999996551293
