K,Cluster,Proportion
4,1,0.2500000003560359
4,2,0.24999999999789563
4,3,0.24999999982433835
4,4,0.24999999982173013
