K,Cluster,Proportion
3,1,0.33333333373880547
3,2,0.33333333324486697
3,3,0.33333333301632767
