K,Cluster,Proportion
3,1,0.33333333340864596
3,2,0.33333333332939247
3,3,0.3333333332619615
