K,Cluster,Proportion
2,1,0.5000000001486402
2,2,0.49999999985135973
