K,Cluster,Proportion
2,1,0.500000000022635
2,2,0.49999999997736494
