K,Cluster,Proportion
4,1,0.2500000004292544
4,2,0.2499999999868201
4,3,0.2499999997971694
4,4,0.24999999978675622
