K,Cluster,Proportion
3,1,0.3333333334833938
3,2,0.3333333334292109
3,3,0.3333333330873953
