K,Cluster,Proportion
3,1,0.3333333334520144
3,2,0.33333333342590254
3,3,0.33333333312208313
