K,Cluster,Proportion
3,1,0.33333333410335936
3,2,0.33333333305878443
3,3,0.3333333328378562
