K,Cluster,Proportion
3,1,0.33333333358354217
3,2,0.33333333328306414
3,3,0.33333333313339364
