K,Cluster,Proportion
4,1,0.2500000001483536
4,2,0.2500000000908759
4,3,0.24999999988303215
4,4,0.2499999998777383
