K,Cluster,Proportion
4,1,0.25000000030093644
4,2,0.2500000002072166
4,3,0.25000000015686336
4,4,0.24999999933498362
