K,Cluster,Proportion
3,1,0.333333333729976
3,2,0.3333333332524556
3,3,0.3333333330175683
