K,Cluster,Proportion
4,1,0.2500000003099682
4,2,0.2500000000403514
4,3,0.24999999990791946
4,4,0.249999999741761
