K,Cluster,Proportion
2,1,0.5000000002294838
2,2,0.49999999977051623
