K,Cluster,Proportion
4,1,0.25000000032545006
4,2,0.25000000005847106
4,3,0.24999999981396812
4,4,0.24999999980211082
