K,Cluster,Proportion
2,1,0.5000000003558368
2,2,0.49999999964416325
