K,Cluster,Proportion
3,1,0.3333333334045045
3,2,0.33333333335287757
3,3,0.333333333242618
