K,Cluster,Proportion
4,1,0.25000000017011875
4,2,0.2500000000518112
4,3,0.249999999957871
4,4,0.249999999820199
