K,Cluster,Proportion
4,1,0.2500000003711056
4,2,0.25000000002083594
4,3,0.24999999995267014
4,4,0.24999999965538836
