K,Cluster,Proportion
4,1,0.25000000020784513
4,2,0.24999999996562805
4,3,0.24999999992895597
4,4,0.249999999897571
