K,Cluster,Proportion
3,1,0.3333333333521801
3,2,0.33333333334317705
3,3,0.33333333330464276
