K,Cluster,Proportion
3,1,0.33333333353224875
3,2,0.33333333331793574
3,3,0.33333333314981556
