K,Cluster,Proportion
4,1,0.2500000003433261
4,2,0.249999999965038
4,3,0.24999999986774668
4,4,0.24999999982388935
