K,Cluster,Proportion
3,1,0.3333333337353836
3,2,0.33333333333893383
3,3,0.3333333329256826
