K,Cluster,Proportion
2,1,0.5000000000036708
2,2,0.49999999999632905
