K,Cluster,Proportion
3,1,0.33333333382036634
3,2,0.3333333331766244
3,3,0.3333333330030093
