K,Cluster,Proportion
4,1,0.2500000003654455
4,2,0.24999999998765873
4,3,0.24999999989114915
4,4,0.24999999975574658
