K,Cluster,Proportion
4,1,0.25000000019821184
4,2,0.2500000001403866
4,3,0.25000000013212287
4,4,0.24999999952927884
