K,Cluster,Proportion
3,1,0.3333333334192017
3,2,0.33333333339760235
3,3,0.3333333331831959
