K,Cluster,Proportion
3,1,0.3333333336614351
3,2,0.33333333327948295
3,3,0.33333333305908214
