K,Cluster,Proportion
3,1,0.3333333335962471
3,2,0.3333333333295245
3,3,0.3333333330742283
