K,Cluster,Proportion
4,1,0.2500000002115873
4,2,0.25000000008895773
4,3,0.24999999992706257
4,4,0.24999999977239237
