K,Cluster,Proportion
4,1,0.25000000020789626
4,2,0.250000000189481
4,3,0.24999999993873925
4,4,0.2499999996638836
