K,Cluster,Proportion
3,1,0.3333333334767731
3,2,0.3333333333772257
3,3,0.33333333314600133
