K,Cluster,Proportion
4,1,0.25000000025670177
4,2,0.25000000002731176
4,3,0.24999999991265195
4,4,0.24999999980333443
