K,Cluster,Proportion
4,1,0.25000000029865876
4,2,0.25000000014206253
4,3,0.249999999867786
4,4,0.24999999969149275
