K,Cluster,Proportion
4,1,0.25000000045204196
4,2,0.24999999988725552
4,3,0.24999999984409446
4,4,0.24999999981660803
