K,Cluster,Proportion
4,1,0.25000000026352553
4,2,0.2500000002425989
4,3,0.24999999974967121
4,4,0.24999999974420442
