K,Cluster,Proportion
4,1,0.2500000004132383
4,2,0.25000000007787265
4,3,0.2499999997871692
4,4,0.24999999972171988
