K,Cluster,Proportion
2,1,0.5000000000937199
2,2,0.49999999990628025
