K,Cluster,Proportion
4,1,0.2500000000961656
4,2,0.2500000000342774
4,3,0.2500000000014382
4,4,0.24999999986811894
