K,Cluster,Proportion
3,1,0.33333333349390465
3,2,0.33333333332354603
3,3,0.33333333318254926
