K,Cluster,Proportion
4,1,0.25000000032911174
4,2,0.25000000005655176
4,3,0.24999999995723504
4,4,0.2499999996571014
