K,Cluster,Proportion
4,1,0.2500000002294505
4,2,0.2499999999909466
4,3,0.24999999991488778
4,4,0.24999999986471502
