K,Cluster,Proportion
4,1,0.25000000019265206
4,2,0.2500000001572244
4,3,0.24999999991363572
4,4,0.2499999997364878
