K,Cluster,Proportion
4,1,0.2500000004994537
4,2,0.24999999997320232
4,3,0.24999999984650834
4,4,0.2499999996808355
