K,Cluster,Proportion
4,1,0.2500000001174453
4,2,0.2500000000498734
4,3,0.24999999994564076
4,4,0.24999999988704052
