K,Cluster,Proportion
4,1,0.2500000002693196
4,2,0.24999999993182773
4,3,0.2499999999032932
4,4,0.24999999989555957
