K,Cluster,Proportion
2,1,0.5000000000412527
2,2,0.49999999995874744
