K,Cluster,Proportion
3,1,0.3333333336646992
3,2,0.3333333335636367
3,3,0.3333333327716641
