K,Cluster,Proportion
3,1,0.3333333335773159
3,2,0.33333333350761324
3,3,0.3333333329150709
