K,Cluster,Proportion
4,1,0.25000000027289254
4,2,0.25000000026469543
4,3,0.24999999991322525
4,4,0.2499999995491867
