K,Cluster,Proportion
2,1,0.500000000174819
2,2,0.49999999982518084
