K,Cluster,Proportion
2,1,0.5000000000962588
2,2,0.4999999999037412
