K,Cluster,Proportion
4,1,0.2500000004138061
4,2,0.25000000007586126
4,3,0.24999999988168173
4,4,0.24999999962865088
