K,Cluster,Proportion
3,1,0.3333333335623781
3,2,0.3333333334329896
3,3,0.33333333300463225
