K,Cluster,Proportion
3,1,0.3333333335562344
3,2,0.3333333335033396
3,3,0.3333333329404259
