K,Cluster,Proportion
3,1,0.33333333355118794
3,2,0.3333333333566156
3,3,0.33333333309219665
