K,Cluster,Proportion
3,1,0.33333333342223925
3,2,0.3333333332899682
3,3,0.3333333332877924
