K,Cluster,Proportion
2,1,0.5000000006032015
2,2,0.49999999939679857
