K,Cluster,Proportion
3,1,0.3333333336954155
3,2,0.3333333333289539
3,3,0.3333333329756306
