K,Cluster,Proportion
3,1,0.333333333584086
3,2,0.3333333334381589
3,3,0.33333333297775514
