K,Cluster,Proportion
4,1,0.2500000001739684
4,2,0.2500000000743862
4,3,0.2500000000129267
4,4,0.2499999997387186
