K,Cluster,Proportion
4,1,0.2500000002610381
4,2,0.25000000007528556
4,3,0.24999999989507182
4,4,0.24999999976860465
