K,Cluster,Proportion
3,1,0.3333333336084207
3,2,0.33333333338154286
3,3,0.33333333301003637
