K,Cluster,Proportion
4,1,0.2500000000879722
4,2,0.25000000006447737
4,3,0.24999999996309558
4,4,0.2499999998844548
