K,Cluster,Proportion
3,1,0.3333333333762403
3,2,0.3333333333188853
3,3,0.33333333330487425
