K,Cluster,Proportion
4,1,0.25000000023348035
4,2,0.25000000006332196
4,3,0.24999999991850566
4,4,0.24999999978469212
