K,Cluster,Proportion
4,1,0.2500000003942084
4,2,0.2499999998879354
4,3,0.2499999998868939
4,4,0.2499999998309623
