K,Cluster,Proportion
4,1,0.2500000000926981
4,2,0.2500000000857862
4,3,0.2500000000077419
4,4,0.24999999981377377
