K,Cluster,Proportion
2,1,0.5000000006401724
2,2,0.49999999935982753
