K,Cluster,Proportion
3,1,0.33333333387015246
3,2,0.33333333312310115
3,3,0.3333333330067465
