K,Cluster,Proportion
3,1,0.333333333768579
3,2,0.33333333312651015
3,3,0.33333333310491076
