K,Cluster,Proportion
4,1,0.2500000000441832
4,2,0.25000000000116696
4,3,0.24999999999065864
4,4,0.24999999996399122
