K,Cluster,Proportion
2,1,0.500000000433326
2,2,0.49999999956667396
