K,Cluster,Proportion
4,1,0.2500000001508033
4,2,0.24999999998289804
4,3,0.24999999994244249
4,4,0.2499999999238562
