K,Cluster,Proportion
4,1,0.2500000004959625
4,2,0.24999999993958572
4,3,0.2499999999032518
4,4,0.24999999966120015
