K,Cluster,Proportion
3,1,0.33333333359173456
3,2,0.3333333333407569
3,3,0.33333333306750856
