K,Cluster,Proportion
3,1,0.3333333336288917
3,2,0.3333333333321289
3,3,0.3333333330389793
