K,Cluster,Proportion
4,1,0.2500000002622361
4,2,0.25000000007585194
4,3,0.24999999985611773
4,4,0.2499999998057942
