K,Cluster,Proportion
4,1,0.25000000005353024
4,2,0.2500000000475649
4,3,0.2499999999778891
4,4,0.24999999992101576
