K,Cluster,Proportion
4,1,0.2500000003144996
4,2,0.25000000017484514
4,3,0.24999999977381915
4,4,0.24999999973683618
