K,Cluster,Proportion
4,1,0.2500000002607211
4,2,0.2500000000023258
4,3,0.2499999998747212
4,4,0.24999999986223195
