K,Cluster,Proportion
2,1,0.500000000286464
2,2,0.4999999997135358
