K,Cluster,Proportion
3,1,0.33333333343548566
3,2,0.3333333333109385
3,3,0.33333333325357584
