K,Cluster,Proportion
4,1,0.25000000013580687
4,2,0.25000000012871737
4,3,0.24999999989218458
4,4,0.2499999998432912
