K,Cluster,Proportion
4,1,0.25000000023752583
4,2,0.2500000000569448
4,3,0.250000000020021
4,4,0.2499999996855084
