K,Cluster,Proportion
3,1,0.33333333347646715
3,2,0.3333333334540091
3,3,0.3333333330695239
