K,Cluster,Proportion
4,1,0.2500000002936422
4,2,0.25000000005912976
4,3,0.24999999986460977
4,4,0.24999999978261828
