K,Cluster,Proportion
4,1,0.2500000001983374
4,2,0.2500000000991812
4,3,0.24999999991361682
4,4,0.24999999978886442
