K,Cluster,Proportion
4,1,0.2500000002508441
4,2,0.24999999999486688
4,3,0.24999999992735605
4,4,0.2499999998269329
