K,Cluster,Proportion
2,1,0.5000000002106907
2,2,0.49999999978930937
