K,Cluster,Proportion
4,1,0.2500000003518533
4,2,0.24999999998155886
4,3,0.2499999999278908
4,4,0.24999999973869708
