K,Cluster,Proportion
4,1,0.2500000003229522
4,2,0.2500000001964534
4,3,0.2499999998259995
4,4,0.24999999965459502
