K,Cluster,Proportion
3,1,0.3333333335723001
3,2,0.3333333334191779
3,3,0.33333333300852197
