K,Cluster,Proportion
4,1,0.2500000003086732
4,2,0.25000000005917367
4,3,0.25000000004944595
4,4,0.24999999958270713
