K,Cluster,Proportion
2,1,0.500000000135884
2,2,0.49999999986411603
