K,Cluster,Proportion
4,1,0.250000000371465
4,2,0.25000000006771134
4,3,0.24999999979891582
4,4,0.2499999997619077
