K,Cluster,Proportion
4,1,0.250000000374091
4,2,0.25000000006352613
4,3,0.24999999989306418
4,4,0.24999999966931868
