K,Cluster,Proportion
3,1,0.33333333345310834
3,2,0.33333333344821375
3,3,0.3333333330986779
