K,Cluster,Proportion
2,1,0.5000000003254563
2,2,0.49999999967454367
