K,Cluster,Proportion
2,1,0.500000000408039
2,2,0.49999999959196095
