K,Cluster,Proportion
3,1,0.33333333369522583
3,2,0.3333333332717427
3,3,0.3333333330330315
