K,Cluster,Proportion
3,1,0.3333333336093347
3,2,0.33333333348183847
3,3,0.33333333290882694
