K,Cluster,Proportion
3,1,0.3333333335849549
3,2,0.3333333333534864
3,3,0.3333333330615587
