K,Cluster,Proportion
2,1,0.500000000632085
2,2,0.49999999936791495
