K,Cluster,Proportion
2,1,0.5000000003327154
2,2,0.49999999966728476
