K,Cluster,Proportion
4,1,0.25000000042105724
4,2,0.25000000007819617
4,3,0.24999999998210248
4,4,0.2499999995186441
