K,Cluster,Proportion
4,1,0.2500000004617859
4,2,0.2500000002826793
4,3,0.24999999981423138
4,4,0.24999999944130344
