K,Cluster,Proportion
2,1,0.5000000008218798
2,2,0.4999999991781203
