K,Cluster,Proportion
4,1,0.2500000003602395
4,2,0.25000000000265193
4,3,0.2499999999590072
4,4,0.24999999967810133
