K,Cluster,Proportion
4,1,0.25000000026637514
4,2,0.24999999992888328
4,3,0.24999999991212649
4,4,0.2499999998926151
