K,Cluster,Proportion
3,1,0.3333333335029232
3,2,0.3333333334129605
3,3,0.33333333308411645
