K,Cluster,Proportion
3,1,0.33333333353919203
3,2,0.3333333334923313
3,3,0.3333333329684766
