K,Cluster,Proportion
2,1,0.5000000002148893
2,2,0.49999999978511067
