K,Cluster,Proportion
3,1,0.3333333334907801
3,2,0.3333333334138465
3,3,0.33333333309537344
