K,Cluster,Proportion
2,1,0.5000000002696169
2,2,0.4999999997303832
