K,Cluster,Proportion
4,1,0.25000000005702244
4,2,0.25000000005545286
4,3,0.24999999998076478
4,4,0.24999999990675997
