K,Cluster,Proportion
4,1,0.25000000026733027
4,2,0.2499999999743152
4,3,0.24999999991752891
4,4,0.24999999984082574
