K,Cluster,Proportion
3,1,0.3333333337002638
3,2,0.33333333335489546
3,3,0.3333333329448408
