K,Cluster,Proportion
4,1,0.25000000005933365
4,2,0.2500000000521423
4,3,0.2500000000304225
4,4,0.24999999985810165
