K,Cluster,Proportion
4,1,0.2500000002874357
4,2,0.25000000020003327
4,3,0.24999999984865867
4,4,0.2499999996638724
