K,Cluster,Proportion
3,1,0.3333333336360871
3,2,0.3333333333008374
3,3,0.3333333330630755
