K,Cluster,Proportion
3,1,0.3333333337235736
3,2,0.33333333321462627
3,3,0.3333333330618002
