K,Cluster,Proportion
4,1,0.2500000003102608
4,2,0.25000000013747686
4,3,0.2500000000503849
4,4,0.24999999950187754
