K,Cluster,Proportion
4,1,0.2500000001614716
4,2,0.24999999997831132
4,3,0.24999999995790562
4,4,0.24999999990231134
