K,Cluster,Proportion
3,1,0.33333333371331664
3,2,0.33333333319387143
3,3,0.3333333330928118
