K,Cluster,Proportion
4,1,0.250000000178165
4,2,0.2500000001446486
4,3,0.25000000000732037
4,4,0.249999999669866
