K,Cluster,Proportion
3,1,0.33333333345195393
3,2,0.3333333332771422
3,3,0.33333333327090375
