K,Cluster,Proportion
4,1,0.2500000004648102
4,2,0.24999999995853714
4,3,0.24999999990156405
4,4,0.24999999967508874
