K,Cluster,Proportion
4,1,0.25000000014577767
4,2,0.2500000000944574
4,3,0.2500000000521206
4,4,0.24999999970764422
