K,Cluster,Proportion
4,1,0.2500000003762692
4,2,0.25000000009532375
4,3,0.2500000000897219
4,4,0.24999999943868523
