K,Cluster,Proportion
4,1,0.25000000035281295
4,2,0.2500000001417686
4,3,0.25000000007283973
4,4,0.2499999994325787
