K,Cluster,Proportion
3,1,0.33333333374119517
3,2,0.3333333331835175
3,3,0.3333333330752873
