K,Cluster,Proportion
2,1,0.5000000004786808
2,2,0.4999999995213192
