K,Cluster,Proportion
3,1,0.3333333337352063
3,2,0.3333333332409279
3,3,0.33333333302386586
