K,Cluster,Proportion
4,1,0.2500000003352306
4,2,0.2500000001193866
4,3,0.24999999982326127
4,4,0.24999999972212147
