K,Cluster,Proportion
2,1,0.500000000151457
2,2,0.499999999848543
