K,Cluster,Proportion
4,1,0.2500000001235732
4,2,0.2500000001156467
4,3,0.25000000002848966
4,4,0.24999999973229053
