K,Cluster,Proportion
4,1,0.2500000004436151
4,2,0.2500000003148484
4,3,0.24999999971814307
4,4,0.24999999952339344
