K,Cluster,Proportion
3,1,0.3333333335454741
3,2,0.3333333332415548
3,3,0.3333333332129712
