K,Cluster,Proportion
2,1,0.5000000008857858
2,2,0.4999999991142142
