K,Cluster,Proportion
4,1,0.2500000003695975
4,2,0.2500000001209061
4,3,0.2499999997721746
4,4,0.24999999973732173
