K,Cluster,Proportion
2,1,0.5000000004763865
2,2,0.49999999952361357
