K,Cluster,Proportion
4,1,0.2500000004181
4,2,0.2500000001215955
4,3,0.2499999997538654
4,4,0.24999999970643916
