K,Cluster,Proportion
4,1,0.25000000021054175
4,2,0.25000000001883016
4,3,0.24999999999924633
4,4,0.24999999977138174
