K,Cluster,Proportion
3,1,0.33333333381654495
3,2,0.3333333331899995
3,3,0.33333333299345547
