K,Cluster,Proportion
3,1,0.3333333336653306
3,2,0.33333333364264245
3,3,0.333333332692027
