K,Cluster,Proportion
4,1,0.250000000291187
4,2,0.2500000000342487
4,3,0.24999999994055522
4,4,0.2499999997340091
