K,Cluster,Proportion
4,1,0.2500000001107671
4,2,0.2500000000546381
4,3,0.24999999994260846
4,4,0.2499999998919863
