K,Cluster,Proportion
3,1,0.3333333340858748
3,2,0.3333333329636398
3,3,0.3333333329504854
