K,Cluster,Proportion
4,1,0.25000000023672114
4,2,0.25000000008868223
4,3,0.24999999990790003
4,4,0.2499999997666966
