K,Cluster,Proportion
4,1,0.25000000013343443
4,2,0.24999999998730482
4,3,0.2499999999546889
4,4,0.2499999999245718
