K,Cluster,Proportion
3,1,0.333333334210967
3,2,0.33333333315678193
3,3,0.33333333263225096
