K,Cluster,Proportion
4,1,0.25000000006679424
4,2,0.25000000003351536
4,3,0.24999999997939698
4,4,0.2499999999202935
