K,Cluster,Proportion
3,1,0.33333333360762735
3,2,0.3333333332004152
3,3,0.3333333331919574
