K,Cluster,Proportion
3,1,0.33333333402611254
3,2,0.33333333338423177
3,3,0.3333333325896556
