K,Cluster,Proportion
2,1,0.5000000002468039
2,2,0.49999999975319614
