K,Cluster,Proportion
3,1,0.33333333350124783
3,2,0.3333333334265913
3,3,0.33333333307216095
