K,Cluster,Proportion
4,1,0.2500000000841487
4,2,0.2500000000708297
4,3,0.24999999992736258
4,4,0.2499999999176591
