K,Cluster,Proportion
4,1,0.2500000004493881
4,2,0.250000000210514
4,3,0.2499999998237008
4,4,0.24999999951639723
