K,Cluster,Proportion
2,1,0.5000000002072458
2,2,0.49999999979275433
