K,Cluster,Proportion
4,1,0.2500000001281573
4,2,0.2500000000894371
4,3,0.24999999990363875
4,4,0.2499999998787668
