K,Cluster,Proportion
4,1,0.2500000003462139
4,2,0.25000000006034206
4,3,0.2500000000081603
4,4,0.2499999995852839
