K,Cluster,Proportion
4,1,0.2500000002385305
4,2,0.2500000001821334
4,3,0.24999999986024238
4,4,0.2499999997190937
