K,Cluster,Proportion
3,1,0.3333333334479362
3,2,0.3333333332823717
3,3,0.33333333326969217
