K,Cluster,Proportion
4,1,0.25000000035373443
4,2,0.24999999999648434
4,3,0.24999999999615846
4,4,0.2499999996536227
