K,Cluster,Proportion
4,1,0.25000000029621056
4,2,0.24999999999461817
4,3,0.24999999991363436
4,4,0.24999999979553691
