K,Cluster,Proportion
4,1,0.2500000002593901
4,2,0.25000000001806455
4,3,0.2499999999642145
4,4,0.2499999997583309
