K,Cluster,Proportion
2,1,0.5000000004280366
2,2,0.49999999957196345
