K,Cluster,Proportion
3,1,0.33333333367004037
3,2,0.3333333335593567
3,3,0.3333333327706028
