K,Cluster,Proportion
4,1,0.2500000002946524
4,2,0.2500000000722115
4,3,0.24999999990598493
4,4,0.24999999972715106
