K,Cluster,Proportion
3,1,0.3333333338955479
3,2,0.3333333332534791
3,3,0.33333333285097305
