K,Cluster,Proportion
4,1,0.25000000038531106
4,2,0.2500000000287138
4,3,0.24999999989918434
4,4,0.24999999968679096
