K,Cluster,Proportion
4,1,0.25000000020853946
4,2,0.2500000000822212
4,3,0.250000000032822
4,4,0.24999999967641737
