K,Cluster,Proportion
4,1,0.25000000016605894
4,2,0.25000000010031664
4,3,0.2499999999626651
4,4,0.24999999977095932
