K,Cluster,Proportion
4,1,0.250000000267274
4,2,0.24999999995045924
4,3,0.24999999994268013
4,4,0.24999999983958646
