K,Cluster,Proportion
4,1,0.2500000004454509
4,2,0.2500000002459672
4,3,0.24999999977651793
4,4,0.24999999953206406
