K,Cluster,Proportion
2,1,0.5000000007222747
2,2,0.4999999992777252
