K,Cluster,Proportion
4,1,0.2500000003814974
4,2,0.24999999990423516
4,3,0.24999999990376387
4,4,0.24999999981050364
