K,Cluster,Proportion
3,1,0.333333333620664
3,2,0.3333333331959113
3,3,0.33333333318342484
