K,Cluster,Proportion
4,1,0.2500000001754118
4,2,0.25000000013998414
4,3,0.2499999999653565
4,4,0.24999999971924755
