K,Cluster,Proportion
4,1,0.2500000003269078
4,2,0.24999999997693806
4,3,0.24999999988739885
4,4,0.24999999980875517
