K,Cluster,Proportion
3,1,0.33333333343255717
3,2,0.33333333335100873
3,3,0.33333333321643427
