K,Cluster,Proportion
3,1,0.33333333368502066
3,2,0.33333333333234083
3,3,0.3333333329826385
