K,Cluster,Proportion
4,1,0.2500000003506526
4,2,0.2500000000810358
4,3,0.24999999978586615
4,4,0.2499999997824454
