K,Cluster,Proportion
2,1,0.5000000003113318
2,2,0.4999999996886681
