K,Cluster,Proportion
3,1,0.3333333339653392
3,2,0.33333333339036514
3,3,0.3333333326442957
