K,Cluster,Proportion
4,1,0.2500000005144457
4,2,0.2500000000507523
4,3,0.24999999983908194
4,4,0.24999999959571997
