K,Cluster,Proportion
3,1,0.33333333377232505
3,2,0.3333333332015656
3,3,0.3333333330261094
