K,Cluster,Proportion
2,1,0.5000000002985904
2,2,0.4999999997014096
