K,Cluster,Proportion
3,1,0.3333333334662593
3,2,0.3333333334322561
3,3,0.3333333331014844
