K,Cluster,Proportion
4,1,0.25000000026955366
4,2,0.2500000002122232
4,3,0.24999999990968777
4,4,0.2499999996085355
