K,Cluster,Proportion
2,1,0.5000000002312649
2,2,0.49999999976873505
