K,Cluster,Proportion
4,1,0.25000000024386065
4,2,0.2500000000115167
4,3,0.24999999990274185
4,4,0.24999999984188076
