K,Cluster,Proportion
3,1,0.3333333338842341
3,2,0.3333333331907305
3,3,0.3333333329250355
