K,Cluster,Proportion
3,1,0.3333333333955072
3,2,0.3333333333674583
3,3,0.33333333323703457
