K,Cluster,Proportion
4,1,0.2500000001776572
4,2,0.24999999997903694
4,3,0.24999999992485428
4,4,0.24999999991845157
