K,Cluster,Proportion
4,1,0.2500000007301999
4,2,0.24999999990699814
4,3,0.24999999972586154
4,4,0.24999999963694042
