K,Cluster,Proportion
4,1,0.2500000002223854
4,2,0.25000000019965024
4,3,0.2499999998587763
4,4,0.24999999971918815
