K,Cluster,Proportion
3,1,0.3333333336973289
3,2,0.3333333331555644
3,3,0.3333333331471066
