K,Cluster,Proportion
3,1,0.3333333336531198
3,2,0.33333333326243303
3,3,0.33333333308444707
