K,Cluster,Proportion
3,1,0.33333333390752234
3,2,0.33333333336266885
3,3,0.33333333272980875
