K,Cluster,Proportion
4,1,0.25000000013834545
4,2,0.24999999999087993
4,3,0.24999999994071273
4,4,0.24999999993006192
