K,Cluster,Proportion
3,1,0.33333333392558046
3,2,0.33333333303904705
3,3,0.33333333303537244
