K,Cluster,Proportion
3,1,0.3333333336487403
3,2,0.3333333332527419
3,3,0.333333333098518
