K,Cluster,Proportion
3,1,0.3333333334649929
3,2,0.3333333333831157
3,3,0.33333333315189134
