K,Cluster,Proportion
3,1,0.3333333334376367
3,2,0.33333333343163996
3,3,0.3333333331307232
