K,Cluster,Proportion
2,1,0.500000000793393
2,2,0.499999999206607
