K,Cluster,Proportion
4,1,0.2500000002896512
4,2,0.25000000011452944
4,3,0.24999999982088075
4,4,0.24999999977493872
