K,Cluster,Proportion
4,1,0.2500000001419857
4,2,0.2500000001260952
4,3,0.24999999992560112
4,4,0.24999999980631804
