K,Cluster,Proportion
4,1,0.25000000013781415
4,2,0.250000000027881
4,3,0.2499999999258982
4,4,0.24999999990840668
