K,Cluster,Proportion
4,1,0.2500000002122078
4,2,0.25000000003637596
4,3,0.24999999987790772
4,4,0.24999999987350863
