K,Cluster,Proportion
4,1,0.2500000001590166
4,2,0.25000000011104545
4,3,0.25000000008980444
4,4,0.24999999964013364
