K,Cluster,Proportion
3,1,0.33333333356549877
3,2,0.33333333353691513
3,3,0.333333332897586
