K,Cluster,Proportion
2,1,0.5000000004847759
2,2,0.499999999515224
