K,Cluster,Proportion
4,1,0.2500000004962944
4,2,0.2500000000713405
4,3,0.2499999998690616
4,4,0.24999999956330354
