K,Cluster,Proportion
2,1,0.5000000001620198
2,2,0.49999999983798005
