K,Cluster,Proportion
2,1,0.5000000002267248
2,2,0.4999999997732752
