K,Cluster,Proportion
3,1,0.33333333345199606
3,2,0.33333333340736326
3,3,0.3333333331406406
