K,Cluster,Proportion
2,1,0.5000000006270199
2,2,0.49999999937298
