K,Cluster,Proportion
2,1,0.5000000004841474
2,2,0.4999999995158528
