K,Cluster,Proportion
3,1,0.3333333333650157
3,2,0.3333333333232176
3,3,0.33333333331176673
