K,Cluster,Proportion
4,1,0.25000000031130826
4,2,0.24999999995648445
4,3,0.24999999992313088
4,4,0.2499999998090764
