K,Cluster,Proportion
2,1,0.5000000001620045
2,2,0.49999999983799537
