K,Cluster,Proportion
3,1,0.33333333370472884
3,2,0.33333333322987146
3,3,0.3333333330653997
