K,Cluster,Proportion
3,1,0.33333333345559435
3,2,0.33333333340474686
3,3,0.33333333313965874
