K,Cluster,Proportion
2,1,0.5000000000772976
2,2,0.49999999992270255
