K,Cluster,Proportion
2,1,0.5000000001248036
2,2,0.49999999987519633
