K,Cluster,Proportion
4,1,0.250000000211765
4,2,0.2500000000934626
4,3,0.2500000000722216
4,4,0.24999999962255082
