K,Cluster,Proportion
2,1,0.5000000005945049
2,2,0.4999999994054951
