K,Cluster,Proportion
2,1,0.5000000000614079
2,2,0.49999999993859207
