K,Cluster,Proportion
4,1,0.2500000003849357
4,2,0.25000000018086205
4,3,0.24999999987059945
4,4,0.24999999956360283
