K,Cluster,Proportion
3,1,0.33333333355863887
3,2,0.33333333333254056
3,3,0.33333333310882063
