K,Cluster,Proportion
3,1,0.33333333338930066
3,2,0.3333333333100707
3,3,0.3333333333006287
