K,Cluster,Proportion
4,1,0.2500000003674346
4,2,0.250000000155711
4,3,0.25000000001428974
4,4,0.24999999946256476
