K,Cluster,Proportion
3,1,0.33333333343435084
3,2,0.3333333333874485
3,3,0.3333333331782006
