K,Cluster,Proportion
4,1,0.25000000027265645
4,2,0.2500000000472979
4,3,0.24999999993504504
4,4,0.24999999974500048
