K,Cluster,Proportion
3,1,0.3333333336861509
3,2,0.33333333348696115
3,3,0.33333333282688793
