K,Cluster,Proportion
3,1,0.33333333366899703
3,2,0.3333333333359297
3,3,0.33333333299507334
