K,Cluster,Proportion
3,1,0.33333333394759546
3,2,0.3333333333550548
3,3,0.33333333269734977
