K,Cluster,Proportion
4,1,0.25000000024602503
4,2,0.2500000000714569
4,3,0.24999999991172492
4,4,0.2499999997707931
