K,Cluster,Proportion
4,1,0.25000000033883674
4,2,0.2500000002689353
4,3,0.24999999977409076
4,4,0.24999999961813715
