K,Cluster,Proportion
4,1,0.2500000002209463
4,2,0.2500000000213298
4,3,0.24999999991935387
4,4,0.24999999983837007
