K,Cluster,Proportion
4,1,0.2500000000673032
4,2,0.2500000000570456
4,3,0.24999999995975428
4,4,0.24999999991589691
