K,Cluster,Proportion
3,1,0.33333333349725935
3,2,0.3333333334963736
3,3,0.3333333330063669
