K,Cluster,Proportion
4,1,0.25000000021356683
4,2,0.25000000003378414
4,3,0.249999999958298
4,4,0.24999999979435117
