K,Cluster,Proportion
3,1,0.33333333399078807
3,2,0.3333333333566402
3,3,0.33333333265257176
