K,Cluster,Proportion
3,1,0.3333333336103327
3,2,0.3333333335679415
3,3,0.33333333282172584
