K,Cluster,Proportion
4,1,0.25000000019535445
4,2,0.249999999999008
4,3,0.24999999998766922
4,4,0.2499999998179683
