K,Cluster,Proportion
3,1,0.33333333353973144
3,2,0.33333333345538935
3,3,0.3333333330048792
