K,Cluster,Proportion
4,1,0.25000000053125493
4,2,0.24999999993854427
4,3,0.24999999983370821
4,4,0.24999999969649261
