K,Cluster,Proportion
3,1,0.33333333349380484
3,2,0.3333333334647041
3,3,0.3333333330414911
