K,Cluster,Proportion
3,1,0.3333333334603473
3,2,0.3333333333709575
3,3,0.3333333331686953
