K,Cluster,Proportion
4,1,0.25000000028422537
4,2,0.24999999999121034
4,3,0.24999999986703694
4,4,0.2499999998575273
