K,Cluster,Proportion
4,1,0.2500000002677252
4,2,0.25000000011309564
4,3,0.24999999982931284
4,4,0.2499999997898664
