K,Cluster,Proportion
3,1,0.33333333343799915
3,2,0.33333333341355914
3,3,0.33333333314844177
