K,Cluster,Proportion
4,1,0.2500000003176608
4,2,0.25000000007897355
4,3,0.24999999997280364
4,4,0.2499999996305619
