K,Cluster,Proportion
3,1,0.3333333335635195
3,2,0.3333333334327992
3,3,0.33333333300368145
