K,Cluster,Proportion
2,1,0.5000000001935198
2,2,0.4999999998064803
