K,Cluster,Proportion
3,1,0.33333333351867195
3,2,0.3333333333997715
3,3,0.33333333308155655
