K,Cluster,Proportion
4,1,0.2500000007443796
4,2,0.2499999998951033
4,3,0.24999999988935315
4,4,0.24999999947116383
