K,Cluster,Proportion
4,1,0.2500000003028153
4,2,0.24999999995995417
4,3,0.24999999987337013
4,4,0.24999999986386048
