K,Cluster,Proportion
3,1,0.33333333366355605
3,2,0.33333333319045766
3,3,0.33333333314598623
