K,Cluster,Proportion
4,1,0.25000000030282626
4,2,0.24999999991646518
4,3,0.24999999991534905
4,4,0.24999999986535965
