K,Cluster,Proportion
4,1,0.2500000002308755
4,2,0.25000000003018685
4,3,0.24999999994639518
4,4,0.24999999979254242
