K,Cluster,Proportion
4,1,0.2500000003534163
4,2,0.25000000030860065
4,3,0.24999999983872842
4,4,0.24999999949925458
