K,Cluster,Proportion
4,1,0.2500000002437567
4,2,0.24999999999673794
4,3,0.2499999999602736
4,4,0.24999999979923193
