K,Cluster,Proportion
2,1,0.5000000000064027
2,2,0.49999999999359723
