K,Cluster,Proportion
3,1,0.3333333340054092
3,2,0.3333333331980999
3,3,0.3333333327964908
