K,Cluster,Proportion
4,1,0.2500000000702781
4,2,0.25000000003521977
4,3,0.24999999995796612
4,4,0.24999999993653602
