K,Cluster,Proportion
3,1,0.33333333355438094
3,2,0.333333333261128
3,3,0.3333333331844911
