K,Cluster,Proportion
2,1,0.5000000004409666
2,2,0.49999999955903346
