K,Cluster,Proportion
4,1,0.25000000011597207
4,2,0.25000000006702555
4,3,0.24999999993445793
4,4,0.2499999998825445
