K,Cluster,Proportion
4,1,0.2500000002669753
4,2,0.25000000004271683
4,3,0.24999999997623373
4,4,0.2499999997140742
