K,Cluster,Proportion
3,1,0.3333333338109235
3,2,0.3333333332132618
3,3,0.33333333297581463
