K,Cluster,Proportion
3,1,0.3333333335260504
3,2,0.33333333343516264
3,3,0.3333333330387869
