K,Cluster,Proportion
4,1,0.25000000036132625
4,2,0.25000000021725316
4,3,0.2500000000260471
4,4,0.24999999939537343
