K,Cluster,Proportion
3,1,0.3333333334813349
3,2,0.33333333335395776
3,3,0.3333333331647071
