K,Cluster,Proportion
4,1,0.25000000033704883
4,2,0.25000000010114487
4,3,0.2500000000850196
4,4,0.24999999947678678
