K,Cluster,Proportion
4,1,0.25000000024035335
4,2,0.2500000000809835
4,3,0.25000000006931744
4,4,0.24999999960934574
