K,Cluster,Proportion
2,1,0.5000000004561642
2,2,0.4999999995438357
