K,Cluster,Proportion
4,1,0.2500000004665919
4,2,0.24999999986136734
4,3,0.24999999983947485
4,4,0.24999999983256602
