K,Cluster,Proportion
4,1,0.2500000004598646
4,2,0.24999999995916228
4,3,0.24999999983618929
4,4,0.24999999974478393
