K,Cluster,Proportion
4,1,0.25000000045775056
4,2,0.25000000003279665
4,3,0.2499999998305178
4,4,0.24999999967893502
