K,Cluster,Proportion
3,1,0.333333333602686
3,2,0.3333333335177775
3,3,0.3333333328795365
