K,Cluster,Proportion
3,1,0.3333333334561231
3,2,0.3333333333717992
3,3,0.33333333317207753
