K,Cluster,Proportion
4,1,0.25000000025268615
4,2,0.24999999997531613
4,3,0.24999999993998512
4,4,0.24999999983201268
