K,Cluster,Proportion
3,1,0.33333333354894806
3,2,0.3333333333220702
3,3,0.3333333331289818
