K,Cluster,Proportion
4,1,0.2500000001671542
4,2,0.25000000001527495
4,3,0.25000000001137274
4,4,0.24999999980619808
