K,Cluster,Proportion
3,1,0.3333333335761902
3,2,0.3333333332729742
3,3,0.3333333331508356
