K,Cluster,Proportion
3,1,0.333333333562275
3,2,0.3333333333333476
3,3,0.33333333310437746
