K,Cluster,Proportion
3,1,0.33333333389560765
3,2,0.33333333320699515
3,3,0.33333333289739714
