K,Cluster,Proportion
4,1,0.2500000001822671
4,2,0.25000000001494793
4,3,0.24999999995265126
4,4,0.24999999985013377
