K,Cluster,Proportion
4,1,0.25000000025438773
4,2,0.2500000000521089
4,3,0.24999999990052613
4,4,0.24999999979297716
