K,Cluster,Proportion
2,1,0.5000000000153281
2,2,0.499999999984672
