K,Cluster,Proportion
3,1,0.3333333338016374
3,2,0.33333333345458266
3,3,0.33333333274378
