K,Cluster,Proportion
4,1,0.25000000040808446
4,2,0.2500000002793178
4,3,0.24999999968261244
4,4,0.24999999962998537
