K,Cluster,Proportion
4,1,0.2500000002041769
4,2,0.25000000013714
4,3,0.25000000000188155
4,4,0.24999999965680147
