K,Cluster,Proportion
3,1,0.333333333528391
3,2,0.33333333343255644
3,3,0.33333333303905255
