K,Cluster,Proportion
3,1,0.3333333337673287
3,2,0.33333333331095044
3,3,0.3333333329217209
