K,Cluster,Proportion
3,1,0.33333333346855687
3,2,0.3333333333154208
3,3,0.3333333332160222
