K,Cluster,Proportion
3,1,0.33333333363578793
3,2,0.33333333359993744
3,3,0.3333333327642746
