K,Cluster,Proportion
3,1,0.3333333337211559
3,2,0.3333333335845261
3,3,0.3333333326943181
