K,Cluster,Proportion
4,1,0.2500000003888403
4,2,0.25000000012433043
4,3,0.24999999984366167
4,4,0.24999999964316763
