K,Cluster,Proportion
3,1,0.3333333339289305
3,2,0.33333333314784375
3,3,0.33333333292322576
