K,Cluster,Proportion
2,1,0.5000000003108097
2,2,0.4999999996891903
