K,Cluster,Proportion
4,1,0.2500000004598749
4,2,0.2499999999629222
4,3,0.2499999997915177
4,4,0.2499999997856851
