K,Cluster,Proportion
3,1,0.3333333339022425
3,2,0.33333333334449666
3,3,0.3333333327532608
