K,Cluster,Proportion
4,1,0.2500000004799015
4,2,0.2500000000197013
4,3,0.24999999990628136
4,4,0.24999999959411573
