K,Cluster,Proportion
3,1,0.33333333341878674
3,2,0.3333333333372383
3,3,0.33333333324397507
