K,Cluster,Proportion
4,1,0.25000000006849277
4,2,0.2500000000523675
4,3,0.24999999995019043
4,4,0.2499999999289494
