K,Cluster,Proportion
3,1,0.3333333339819582
3,2,0.33333333321713127
3,3,0.33333333280091043
