K,Cluster,Proportion
4,1,0.25000000010328116
4,2,0.25000000008389534
4,3,0.24999999990767366
4,4,0.24999999990514984
