K,Cluster,Proportion
2,1,0.500000000307636
2,2,0.499999999692364
