K,Cluster,Proportion
3,1,0.33333333369641
3,2,0.3333333331523575
3,3,0.3333333331512324
