K,Cluster,Proportion
3,1,0.3333333335395501
3,2,0.3333333333239631
3,3,0.33333333313648683
