K,Cluster,Proportion
4,1,0.2500000000902084
4,2,0.25000000006591167
4,3,0.249999999976112
4,4,0.24999999986776783
