K,Cluster,Proportion
3,1,0.3333333335245177
3,2,0.33333333352309885
3,3,0.33333333295238343
