K,Cluster,Proportion
4,1,0.25000000029874386
4,2,0.2500000001767856
4,3,0.24999999996040784
4,4,0.2499999995640627
