K,Cluster,Proportion
3,1,0.3333333336145372
3,2,0.3333333333925974
3,3,0.3333333329928655
