K,Cluster,Proportion
4,1,0.25000000022572183
4,2,0.25000000017440155
4,3,0.25000000013206475
4,4,0.24999999946781185
