K,Cluster,Proportion
4,1,0.2500000002808287
4,2,0.2500000001852065
4,3,0.24999999977851706
4,4,0.24999999975544784
