K,Cluster,Proportion
3,1,0.33333333370611246
3,2,0.3333333333564102
3,3,0.33333333293747736
