K,Cluster,Proportion
4,1,0.25000000020050933
4,2,0.25000000015595314
4,3,0.25000000011253304
4,4,0.24999999953100455
