K,Cluster,Proportion
4,1,0.2500000001369735
4,2,0.25000000010352874
4,3,0.24999999994279398
4,4,0.24999999981670384
