K,Cluster,Proportion
4,1,0.2500000003055054
4,2,0.2499999999677469
4,3,0.24999999995075695
4,4,0.24999999977599063
