K,Cluster,Proportion
4,1,0.25000000027025926
4,2,0.2500000001372157
4,3,0.25000000003566725
4,4,0.24999999955685778
