K,Cluster,Proportion
4,1,0.2500000001151309
4,2,0.2500000000986281
4,3,0.24999999992332023
4,4,0.2499999998629208
