K,Cluster,Proportion
4,1,0.250000000295501
4,2,0.25000000003118594
4,3,0.24999999987724275
4,4,0.24999999979607013
