K,Cluster,Proportion
4,1,0.25000000022649704
4,2,0.2500000001701
4,3,0.24999999989634283
4,4,0.24999999970706024
