K,Cluster,Proportion
3,1,0.33333333372781077
3,2,0.33333333342389143
3,3,0.3333333328482978
