K,Cluster,Proportion
2,1,0.5000000003233235
2,2,0.4999999996766766
