K,Cluster,Proportion
2,1,0.5000000002170341
2,2,0.49999999978296583
