K,Cluster,Proportion
4,1,0.25000000033008873
4,2,0.25000000000105593
4,3,0.24999999983716106
4,4,0.24999999983169427
