K,Cluster,Proportion
2,1,0.5000000005420111
2,2,0.49999999945798884
