K,Cluster,Proportion
3,1,0.33333333351048483
3,2,0.33333333328133014
3,3,0.3333333332081851
