K,Cluster,Proportion
4,1,0.2500000001253915
4,2,0.25000000005484774
4,3,0.24999999999295958
4,4,0.24999999982680107
