K,Cluster,Proportion
3,1,0.3333333334563888
3,2,0.3333333333849578
3,3,0.3333333331586533
