K,Cluster,Proportion
4,1,0.2500000002552646
4,2,0.2500000000569036
4,3,0.2499999999631082
4,4,0.24999999972472364
