K,Cluster,Proportion
4,1,0.25000000030433805
4,2,0.2500000001712945
4,3,0.24999999993343083
4,4,0.24999999959093658
