K,Cluster,Proportion
4,1,0.25000000013413115
4,2,0.2500000001024655
4,3,0.2500000000300576
4,4,0.2499999997333457
