K,Cluster,Proportion
3,1,0.3333333336861494
3,2,0.33333333334557297
3,3,0.33333333296827766
