K,Cluster,Proportion
4,1,0.2500000001809835
4,2,0.2500000000385514
4,3,0.24999999989508428
4,4,0.2499999998853808
