K,Cluster,Proportion
2,1,0.5000000001440731
2,2,0.4999999998559269
