K,Cluster,Proportion
3,1,0.33333333350012434
3,2,0.3333333332908764
3,3,0.3333333332089992
