K,Cluster,Proportion
2,1,0.5000000001325676
2,2,0.49999999986743243
