K,Cluster,Proportion
3,1,0.333333333947498
3,2,0.33333333306798507
3,3,0.33333333298451695
