K,Cluster,Proportion
4,1,0.2500000002702074
4,2,0.25000000003761647
4,3,0.2500000000003404
4,4,0.24999999969183567
