K,Cluster,Proportion
4,1,0.25000000024970515
4,2,0.2500000001981977
4,3,0.24999999998762945
4,4,0.2499999995644677
