K,Cluster,Proportion
4,1,0.2500000002808167
4,2,0.2500000002384799
4,3,0.2499999998940035
4,4,0.2499999995866999
