K,Cluster,Proportion
4,1,0.25000000028766073
4,2,0.25000000013789786
4,3,0.25000000005714595
4,4,0.24999999951729554
