K,Cluster,Proportion
4,1,0.2500000005746763
4,2,0.24999999986872434
4,3,0.2499999998311992
4,4,0.2499999997254
