K,Cluster,Proportion
4,1,0.2500000001252742
4,2,0.2499999999791446
4,3,0.2499999999490525
4,4,0.2499999999465287
