K,Cluster,Proportion
3,1,0.3333333338726255
3,2,0.333333333595538
3,3,0.3333333325318365
