K,Cluster,Proportion
4,1,0.2500000002864814
4,2,0.25000000004944484
4,3,0.24999999995986402
4,4,0.24999999970420966
