K,Cluster,Proportion
2,1,0.5000000001585191
2,2,0.49999999984148075
