K,Cluster,Proportion
4,1,0.2500000004275149
4,2,0.25000000010804657
4,3,0.25000000009066364
4,4,0.24999999937377498
