K,Cluster,Proportion
2,1,0.5000000001088157
2,2,0.49999999989118415
