K,Cluster,Proportion
3,1,0.33333333359017786
3,2,0.33333333339253135
3,3,0.33333333301729073
