K,Cluster,Proportion
2,1,0.5000000003653438
2,2,0.49999999963465624
