K,Cluster,Proportion
3,1,0.33333333343363303
3,2,0.3333333333859494
3,3,0.3333333331804176
