K,Cluster,Proportion
4,1,0.25000000029694897
4,2,0.25000000002020617
4,3,0.24999999987663238
4,4,0.24999999980621254
