K,Cluster,Proportion
4,1,0.2500000001531363
4,2,0.25000000012292406
4,3,0.24999999987034813
4,4,0.24999999985359136
