K,Cluster,Proportion
3,1,0.33333333365520856
3,2,0.33333333322813896
3,3,0.33333333311665236
