K,Cluster,Proportion
4,1,0.25000000019783375
4,2,0.25000000019486895
4,3,0.25000000001469075
4,4,0.24999999959260658
