K,Cluster,Proportion
4,1,0.2500000001326095
4,2,0.2500000000903395
4,3,0.2499999999553342
4,4,0.2499999998217168
