K,Cluster,Proportion
4,1,0.2500000007261666
4,2,0.24999999980921603
4,3,0.24999999980627394
4,4,0.24999999965834344
