K,Cluster,Proportion
3,1,0.33333333356312567
3,2,0.33333333338729076
3,3,0.33333333304958357
