K,Cluster,Proportion
4,1,0.2500000003284524
4,2,0.2500000000299144
4,3,0.2499999999086891
4,4,0.24999999973294393
