K,Cluster,Proportion
4,1,0.250000000251591
4,2,0.2500000001609998
4,3,0.25000000001885203
4,4,0.24999999956855698
