K,Cluster,Proportion
2,1,0.5000000006233065
2,2,0.49999999937669354
