K,Cluster,Proportion
2,1,0.5000000002215574
2,2,0.4999999997784425
