K,Cluster,Proportion
3,1,0.3333333336304032
3,2,0.3333333333855688
3,3,0.333333332984028
