K,Cluster,Proportion
3,1,0.33333333362421996
3,2,0.33333333336419085
3,3,0.33333333301158924
