K,Cluster,Proportion
4,1,0.2500000004464048
4,2,0.2500000001413999
4,3,0.24999999993249028
4,4,0.24999999947970503
