K,Cluster,Proportion
3,1,0.3333333336339281
3,2,0.3333333334013833
3,3,0.3333333329646884
