K,Cluster,Proportion
2,1,0.5000000006306737
2,2,0.4999999993693264
