K,Cluster,Proportion
3,1,0.33333333346212013
3,2,0.3333333333720242
3,3,0.33333333316585567
