K,Cluster,Proportion
3,1,0.3333333337180825
3,2,0.33333333328698456
3,3,0.33333333299493295
