K,Cluster,Proportion
2,1,0.5000000001298561
2,2,0.4999999998701439
