K,Cluster,Proportion
3,1,0.3333333338673255
3,2,0.33333333309708413
3,3,0.3333333330355904
