K,Cluster,Proportion
4,1,0.2500000002847272
4,2,0.25000000017368007
4,3,0.25000000004734363
4,4,0.24999999949424917
