K,Cluster,Proportion
3,1,0.3333333335253818
3,2,0.3333333333574929
3,3,0.33333333311712543
