K,Cluster,Proportion
4,1,0.25000000035101505
4,2,0.25000000010957785
4,3,0.25000000001731226
4,4,0.24999999952209478
