K,Cluster,Proportion
4,1,0.2500000003472385
4,2,0.250000000086575
4,3,0.24999999987471114
4,4,0.24999999969147538
