K,Cluster,Proportion
4,1,0.2500000002157563
4,2,0.25000000014482254
4,3,0.24999999989201957
4,4,0.24999999974740159
