K,Cluster,Proportion
3,1,0.3333333335119585
3,2,0.33333333335567233
3,3,0.33333333313236907
