K,Cluster,Proportion
3,1,0.3333333335354812
3,2,0.3333333334976173
3,3,0.3333333329669014
