K,Cluster,Proportion
3,1,0.33333333361372075
3,2,0.3333333333581052
3,3,0.33333333302817403
