K,Cluster,Proportion
3,1,0.33333333349648664
3,2,0.33333333341519367
3,3,0.3333333330883197
