K,Cluster,Proportion
3,1,0.33333333357152745
3,2,0.33333333321776554
3,3,0.3333333332107071
