K,Cluster,Proportion
3,1,0.3333333338754668
3,2,0.3333333332426069
3,3,0.3333333328819262
