K,Cluster,Proportion
4,1,0.25000000021053487
4,2,0.2499999999746309
4,3,0.24999999995850564
4,4,0.24999999985632854
