K,Cluster,Proportion
3,1,0.3333333338117029
3,2,0.3333333331887259
3,3,0.3333333329995713
