K,Cluster,Proportion
4,1,0.2500000001418152
4,2,0.2500000001076799
4,3,0.2500000000141038
4,4,0.24999999973640108
