K,Cluster,Proportion
2,1,0.5000000000707528
2,2,0.49999999992924715
