K,Cluster,Proportion
3,1,0.33333333376549074
3,2,0.33333333339610194
3,3,0.3333333328384072
