K,Cluster,Proportion
3,1,0.3333333336385779
3,2,0.33333333331277387
3,3,0.3333333330486483
