K,Cluster,Proportion
3,1,0.33333333370719836
3,2,0.33333333333504844
3,3,0.3333333329577532
