K,Cluster,Proportion
3,1,0.3333333335989257
3,2,0.33333333348021554
3,3,0.33333333292085887
