K,Cluster,Proportion
2,1,0.5000000004665662
2,2,0.49999999953343377
