K,Cluster,Proportion
4,1,0.2500000004580336
4,2,0.2500000000007874
4,3,0.24999999984105548
4,4,0.24999999970012363
