K,Cluster,Proportion
2,1,0.5000000005033847
2,2,0.49999999949661533
