K,Cluster,Proportion
4,1,0.2500000003405972
4,2,0.24999999993320413
4,3,0.24999999986333496
4,4,0.24999999986286367
