K,Cluster,Proportion
3,1,0.3333333334395527
3,2,0.33333333341045196
3,3,0.3333333331499953
