K,Cluster,Proportion
2,1,0.5000000007542785
2,2,0.49999999924572136
