K,Cluster,Proportion
4,1,0.25000000027776825
4,2,0.2499999999942852
4,3,0.24999999989470303
4,4,0.2499999998332435
