K,Cluster,Proportion
4,1,0.2500000002010916
4,2,0.2500000001685416
4,3,0.24999999989610064
4,4,0.24999999973426618
