K,Cluster,Proportion
4,1,0.25000000021247354
4,2,0.25000000017633545
4,3,0.24999999982838078
4,4,0.24999999978281026
