K,Cluster,Proportion
4,1,0.2500000002982816
4,2,0.2500000001958327
4,3,0.2500000001126966
4,4,0.2499999993931891
