K,Cluster,Proportion
4,1,0.25000000019029806
4,2,0.2500000001020102
4,3,0.24999999988237567
4,4,0.24999999982531598
