K,Cluster,Proportion
4,1,0.2500000004381347
4,2,0.24999999999816797
4,3,0.2499999997825636
4,4,0.24999999978113382
