K,Cluster,Proportion
3,1,0.33333333359664974
3,2,0.33333333351065875
3,3,0.3333333328926915
