K,Cluster,Proportion
2,1,0.5000000001448834
2,2,0.4999999998551166
