K,Cluster,Proportion
3,1,0.33333333340174237
3,2,0.3333333333248603
3,3,0.33333333327339737
