K,Cluster,Proportion
3,1,0.33333333346953037
3,2,0.33333333327925924
3,3,0.33333333325121034
