K,Cluster,Proportion
3,1,0.3333333335995548
3,2,0.33333333335984455
3,3,0.33333333304060064
