K,Cluster,Proportion
3,1,0.3333333335990817
3,2,0.33333333347158545
3,3,0.33333333292933287
