K,Cluster,Proportion
3,1,0.3333333337753951
3,2,0.33333333346704186
3,3,0.3333333327575629
