K,Cluster,Proportion
4,1,0.25000000025048136
4,2,0.25000000006873624
4,3,0.25000000000730543
4,4,0.24999999967347702
