K,Cluster,Proportion
4,1,0.25000000072567335
4,2,0.2499999999024716
4,3,0.249999999721335
4,4,0.24999999965052008
