K,Cluster,Proportion
4,1,0.2500000000816003
4,2,0.250000000062282
4,3,0.2499999999518199
4,4,0.24999999990429775
