K,Cluster,Proportion
3,1,0.33333333358991996
3,2,0.33333333322593917
3,3,0.333333333184141
