K,Cluster,Proportion
2,1,0.5000000000086808
2,2,0.49999999999131917
