K,Cluster,Proportion
3,1,0.33333333352328137
3,2,0.33333333331411796
3,3,0.33333333316260066
