K,Cluster,Proportion
3,1,0.3333333337465633
3,2,0.3333333331384934
3,3,0.33333333311494334
