K,Cluster,Proportion
2,1,0.500000000366287
2,2,0.4999999996337129
