K,Cluster,Proportion
3,1,0.3333333334872412
3,2,0.3333333334714915
3,3,0.3333333330412673
