K,Cluster,Proportion
4,1,0.25000000022735736
4,2,0.24999999997455444
4,3,0.24999999996815173
4,4,0.24999999982993645
