K,Cluster,Proportion
4,1,0.2500000002316799
4,2,0.25000000006029494
4,3,0.25000000005003836
4,4,0.24999999965798686
