K,Cluster,Proportion
4,1,0.25000000032644826
4,2,0.2500000002691178
4,3,0.2499999997390037
4,4,0.24999999966543013
