K,Cluster,Proportion
3,1,0.333333333863556
3,2,0.3333333332587689
3,3,0.33333333287767497
