K,Cluster,Proportion
4,1,0.2500000000719418
4,2,0.25000000004764505
4,3,0.24999999995784536
4,4,0.24999999992256774
