K,Cluster,Proportion
2,1,0.5000000002010546
2,2,0.4999999997989453
