K,Cluster,Proportion
3,1,0.3333333338454878
3,2,0.3333333332361079
3,3,0.3333333329184043
