K,Cluster,Proportion
3,1,0.33333333369964263
3,2,0.3333333335084338
3,3,0.33333333279192345
