K,Cluster,Proportion
4,1,0.2500000000889077
4,2,0.2500000000783966
4,3,0.2499999999627512
4,4,0.24999999986994448
