K,Cluster,Proportion
4,1,0.25000000030649555
4,2,0.25000000003983847
4,3,0.2499999999626672
4,4,0.24999999969099884
