K,Cluster,Proportion
3,1,0.3333333336848988
3,2,0.3333333334371685
3,3,0.33333333287793276
