K,Cluster,Proportion
4,1,0.25000000022080876
4,2,0.25000000015616064
4,3,0.24999999987727148
4,4,0.24999999974575915
