K,Cluster,Proportion
3,1,0.33333333364411555
3,2,0.33333333318621794
3,3,0.3333333331696665
