K,Cluster,Proportion
3,1,0.3333333335361014
3,2,0.33333333343607746
3,3,0.3333333330278211
