K,Cluster,Proportion
3,1,0.3333333335624556
3,2,0.33333333330184234
3,3,0.333333333135702
