K,Cluster,Proportion
4,1,0.2500000003299228
4,2,0.25000000009353673
4,3,0.24999999985177385
4,4,0.2499999997247666
