K,Cluster,Proportion
4,1,0.2500000003196554
4,2,0.2500000000055197
4,3,0.2500000000020205
4,4,0.2499999996728044
