K,Cluster,Proportion
2,1,0.5000000003471146
2,2,0.4999999996528855
